name,ID in model,GE,GL,XE,XL
glucose,r_1714,-1.4938,-1.4938,0,0
xylose,r_1718,0,0,-1.744494,-1.744494
biomass,r_2111,0.14,0.14,0.0678,0.0678
